,Zone,Resort Name,State,Base Elevation (ft),Top Elevation (ft),Snowfall Score,Total Snow Score With Preservation,Overall Ranking,Regional Ranking,State Ranking,True Snow Per Year (inches),Snow Quality Rank,Dump Potential Rank,MonthsMoreThan90Snow,MonthsLessThan30Snow,latitude,longitude,Acreage,Total Runs,Longest Run (ft),Lifts,Uphill Max (ppl/hr),Terrain Parks,Halfpipes
0,Rockies,Alta,UT,8530,10550,96.1,100.0,4,4,2,517, 1, 2,49.3,1.3,40.589613,-111.638825,2200 ,50,16800 ,11,11248  ,0,0
1,Rockies,Snowbird,UT,7760,11000,90.0,97.5,3,3,1,497, 2, 5,37.0,3.4,40.583257,-111.655183,2500 ,85,13200 ,11,17400  ,1,0
2,Rockies,Brighton,UT,8750,10500,92.4,95.2,20,16,5,504, 3, 3,44.2,4.3,40.598672,-111.583739,1050 ,66,15840 ,6,10100  ,4,2
3,Canadian-Rockies,Powder King,BC,3000,5500,92.3,93.3,51,6,6,492, 4, 4,45.0,3.0,55.364552,-122.619405,925 ,37,2800 ,3,2600  ,0,0
4,Rockies,Grand Targhee,WY,7408,10000,88.9,91.9,19,15,2,466, 5, 6,40.4,3.5,43.787501,-110.959235,3000 ,72,14675 ,5,7200  ,1,0
5,Rockies,Solitude,UT,7988,10035,82.8,88.6,16,12,4,437, 6, 9,34.0,7.5,40.618741,-111.591571,1200 ,64,18480 ,8,14450  ,0,0
6,Rockies,Wolf Creek,CO,10300,11904,72.3,86.1,36,26,15,387, 7, 21,27.1,18.6,37.472384,-106.791812,1600 ,77,10560 ,7,10560  ,0,0
7,Northwest,Mt Baker,WA,3589,5089,100.0,84.5,37,4,3,651, 8, 1,63.6,4.9,48.861115,-121.654422,1000 ,38,9187 ,10,11000  ,1,0
8,Sierras,Kirkwood,CA,7800,9800,76.5,82.7,26,3,3,459, 9, 14,44.3,18.1,38.685141,-120.065592,2300 ,72,13200 ,14,19905  ,4,1
9,Northwest,Alyeska,AK,250,2750,87.8,82.5,25,1,1,488, 10, 7,45.5,9.4,60.969494,-149.096403,1500 ,73,10560 ,9,10335  ,0,0
10,Rockies,Winter Park,CO,9000,12060,69.6,82.1,12,10,5,347, 11, 29,10.4,9.3,39.887529,-105.763174,3081 ,134,10560 ,25,40000  ,1,0
11,Rockies,Loveland,CO,10800,12700,68.7,80.5,32,24,13,344, 12, 32,11.6,11.0,39.680175,-105.896873,1800 ,93,10560 ,10,14293  ,1,0
12,BC-Coastal,Whistler,BC,2140,7494,75.6,79.3,7,1,1,469,,,,,50.116775,-122.955551,8171 ,200,36960 ,37,65507  ,4,1
13,Rockies,Vail,CO,8120,11570,71.7,78.3,5,5,2,354, 14, 22,18.2,10.7,39.6411729849559,-106.38139744683112,5289 ,193,15840 ,31,53381  ,4,1
14,Canadian-Rockies,Whitewater,BC,4523,6567,77.2,78.2,9,1,2,395, 16, 12,27.6,4.8,49.442775,-117.145046,1184 ,76,5280 ,4,3000  ,0,0
15,Rockies,A-Basin,CO,10780,12472,55.9,78.2,30,22,11,314, 15, 78,6.4,23.2,39.640982,-105.872032,900 ,108,8520 ,7,10700  ,2,1
16,Rockies,Beaver Creek,CO,8100,11440,65.4,77.4,14,11,6,325, 17, 43,8.3,13.1,39.6029021075664,-106.51605911212377,1815 ,149,14520 ,25,34200  ,3,1
17,Sierras,Mammoth,CA,7953,11053,59.7,75.4,15,1,1,354, 18, 65,31.5,29.0,37.6452932996768,-118.99910640938838,3500 ,150,15840 ,28,54000  ,8,3
18,Rockies,Lookout Pass,ID,4500,5650,80.9,75.0,82,46,8,448, 19, 10,36.0,8.0,47.456503,-115.697175,540 ,34,7920 ,4,  ,0,0
19,Canadian-Rockies,Shames Mountain,BC,2300,3900,83.4,74.9,79,12,11,480, 20, 8,35.0,7.0,54.485832,-128.955237,252 ,28,13200 ,3,2100  ,0,0
20,Northwest,Mt Bachelor,OR,5700,9065,67.5,74.6,45,6,2,383, 21, 34,25.5,17.7,43.989712,-121.684822,3683 ,71,7920 ,14,  ,4,1
21,Rockies,Snowmass,CO,8104,12510,59.0,74.3,6,6,3,295, 22, 68,4.4,19.6,39.208215,-106.949887,3132 ,91,27984 ,20,31080  ,3,2
22,Rockies,Powder Mountain ,UT,6895,8900,71.4,74.2,38,27,7,350, 24, 24,20.0,9.0,41.379095,-111.778854,3200 ,124,15840 ,7,6350  ,2,0
23,Rockies,Steamboat,CO,6900,10568,73.4,74.2,8,7,4,368, 23, 18,16.6,8.3,40.457511,-106.80591,2965 ,165,15840 ,18,41505  ,4,2
24,Rockies,Copper,CO,9712,12313,57.0,74.1,31,23,12,278, 25, 74,3.8,21.1,39.501441,-106.15542,2465 ,126,14784 ,22,32324  ,3,0
25,Rockies,Pomerelle,ID,8000,9000,66.0,73.5,68,38,5,325, 26, 42,18.0,13.0,42.333613,-113.586372,500 ,24,7938 ,3,3100  ,2,1
26,Rockies,Eagle Point,UT,9001,10401,67.3,72.8,72,42,12,325, 27, 35,18.0,13.0,38.3191149,-112.3839455,1400 ,35,10560 ,6,  ,1,0
27,Rockies,Jackson Hole,WY,6311,10450,75.2,72.4,1,1,1,368, 29, 17,29.7,9.9,43.588023162,-110.8318319,2500 ,116,38000 ,12,17833  ,5,0
28,Rockies,Monarch,CO,10790,11952,57.3,72.4,77,45,18,284, 28, 73,4.8,22.4,38.544406,-106.314552,800 ,63,5280 ,7,6100  ,3,0
29,Canadian-Rockies,Revelstoke,BC,1680,7300,71.5,71.6,13,2,3,367, 30, 23,11.3,2.2,50.9581408,-118.1563506,3031 ,40,49632 ,4,6000  ,0,0
30,Rockies,Brian Head,UT,9600,11307,62.0,71.2,53,32,10,308, 31, 53,13.6,19.0,37.693482,-112.849592,650 ,65,7920 ,9,10500  ,2,1
31,Rockies,Breckenridge,CO,9600,12840,59.3,70.6,21,17,9,282, 32, 67,5.4,17.5,39.481255,-106.066833,2358 ,155,18480 ,31,37880  ,2,0
32,Sierras,Sugar Bowl,CA,6883,8383,73.2,70.3,54,7,7,453, 33, 19,39.5,21.4,39.305679,-120.338555,1500 ,102,15839 ,13,21740  ,1,0
33,Rockies,Telluride,CO,8725,12570,52.4,70.2,2,2,1,276, 34, 95,4.8,23.1,37.936582,-107.845187,2000 ,125,24288 ,18,22386  ,0,0
34,Rockies,Lost Trail,MT,6400,8200,62.0,69.7,75,44,4,300, 35, 54,14.0,15.0,45.911989,-114.076592,900 ,45,6500 ,5,  ,3,0
35,Northwest,Eaglecrest,AK,1200,2600,69.9,69.6,65,9,2,350, 36, 28,24.0,12.0,58.267734,-134.513987,640 ,36,10583 ,4,2600  ,1,0
36,Canadian-Rockies,Fernie,BC,3500,7050,71.3,69.4,29,3,4,376, 37, 26,25.1,10.3,49.464147,-115.090348,2504 ,142,15840 ,10,14916  ,0,0
37,Rockies,Park City,UT,6900,10000,60.7,69.0,11,9,3,288, 38, 58,9.6,15.3,40.65515,-111.508509,7300 ,324,18480 ,41,31000  ,4,5
38,Canadian-Rockies,Sunshine Village,AB,5440,8954,52.8,68.3,47,5,1,258, 39, 92,3.6,26.5,51.095574,-115.772413,3358 ,107,26400 ,12,20000  ,0,0
39,Rockies,Deer Valley,UT,6570,9570,60.0,67.8,22,18,6,275, 40, 61,10.0,15.0,40.638479,-111.479326,2026 ,100,10560 ,22,39700  ,0,0
40,Rockies,Big Sky,MT,7500,11166,53.9,67.6,10,8,1,286, 41, 85,1.7,17.8,45.284698,-111.401476,5809 ,308,31680 ,21,38387  ,7,0
41,Canadian-Rockies,Big White,BC,4950,7606,57.8,67.6,74,10,9,282, 42, 72,3.4,13.8,49.723902,-118.928,2765 ,118,23760 ,16,28000  ,0,0
42,Canadian-Rockies,Castle Mountain,BC,4630,7463,58.0,67.0,66,8,8,278, 43, 70,6.6,18.6,49.315839,-114.416891,1400 ,104,16404 ,6,5700  ,0,0
43,Northwest,Stevens Pass,WA,4061,5845,79.2,66.8,34,3,2,474, 44, 11,36.5,7.6,47.74367,-121.091464,1125 ,37,5800 ,10,15800  ,1,0
44,Northwest,Anthony Lakes,OR,7100,8000,60.8,66.5,96,12,4,300, 45, 57,14.0,15.0,44.962974,-118.233505,1100 ,21,7920 ,3,  ,1,0
45,Rockies,Beaver Mountain,UT,7200,8800,60.0,66.5,69,39,11,300, 46, 62,10.0,20.0,41.97214,-111.553318,525 ,23,10560 ,3,2700  ,2,0
46,Rockies,Aspen Highlands,CO,8040,11675,47.5,66.4,17,13,7,252, 47, 112,3.2,26.5,39.184169,-106.85493,1028 ,118,18480 ,5,6500  ,0,0
47,Rockies,Taos,NM,9207,12450,42.2,66.1,27,20,1,254, 48, 136,4.7,31.9,36.593852,-105.450903,1294 ,110,30360 ,13,15000  ,1,0
48,Sierras,Mt Rose,NV,8260,9700,53.7,66.0,62,9,1,344, 49, 86,25.0,33.6,39.328986,-119.885283,1200 ,60,12000 ,8,11000  ,3,0
49,Rockies,Purgatory,CO,8793,10822,52.4,65.7,55,33,16,264, 51, 96,6.8,31.2,37.631261,-107.814291,1360 ,88,7920 ,10,10050  ,5,0
50,Rockies,Bridger Bowl,MT,6100,8800,59.9,65.7,44,29,3,303, 50, 63,6.7,13.9,45.81727,-110.883318,2000 ,71,15840 ,7,  ,0,0
51,Rockies,Snowbasin,UT,6291,9250,60.5,65.6,41,28,8,316, 52, 60,11.8,23.0,41.217629,-111.85681,2820 ,104,15840 ,12,14650  ,4,1
52,Rockies,Aspen Mountain,CO,7945,11212,47.4,65.5,18,14,8,250, 54, 113,3.2,26.5,39.185866,-106.818395,675 ,76,15840 ,8,10755  ,0,0
53,Northwest,Timberline,OR,4850,8540,75.4,65.5,49,7,3,450, 53, 16,34.0,12.0,45.331634,-121.711528,1415 ,41,6336 ,12,9869  ,5,1
54,Northwest,Arctic Valley,AK,2500,400,49.3,65.3,94,11,3,250, 55, 106,5.0,30.0,61.251249,-149.535309,320 ,24,4545 ,3,3200  ,0,0
55,Rockies,Whitefish,MT,4464,6817,63.9,65.2,24,19,2,332, 56, 46,15.0,13.5,48.480475,-114.359118,3000 ,98,17388 ,14,  ,4,0
56,Rockies,Silver Mountain ,ID,4100,6300,68.0,65.0,70,40,6,353, 57, 33,25.0,14.0,47.541034,-116.133345,1600 ,73,13229 ,7,7700  ,1,0
57,Rockies,Sundance,UT,6100,8250,58.9,65.0,50,31,9,275, 58, 69,9.0,17.0,40.444743,-111.706906,450 ,41,13200 ,3,5167  ,0,0
58,Northwest,Mt Hood Meadows,OR,4523,7300,77.1,64.4,43,5,1,452, 59, 13,35.5,8.5,45.320772,-121.653856,2150 ,85,15840 ,11,  ,5,2
59,Canadian-Rockies,Apex Mountain,BC,5187,7187,47.0,63.2,106,16,16,228, 60, 116,0.0,28.0,49.388505,-119.903348,1112 ,67,15850 ,4,4700  ,0,0
60,Rockies,Snowy Range,WY,9000,10000,50.0,63.1,117,58,3,245, 61, 102,5.0,30.0,41.34072,-106.18293476116635,250 ,27,9804 ,5,3000  ,1,0
61,Rockies,Keystone,CO,9280,11998,46.9,63.0,35,25,14,235, 62, 118,0.0,34.3,39.608432,-105.943744,3148 ,135,18480 ,20,35175  ,1,0
62,Rockies,Blacktail,MT,5340,6780,48.3,62.3,102,53,8,250, 65, 109,5.0,30.0,48.020071,-114.224299,1000 ,24,9240 ,4,3900  ,4,0
63,Northwest,Crystal Mountain,WA,4400,6872,72.9,62.3,33,2,1,413, 64, 20,29.1,7.9,46.936199,-121.474893,2600 ,50,18548 ,11,22310  ,3,0
64,Rockies,Ski Santa Fe,NM,10350,12075,46.3,62.3,71,41,2,225, 63, 120,2.0,35.0,35.795881,-105.80120326513683,660 ,77,15840 ,7,9350  ,1,0
65,Rockies,Antelope Butte,WY,8400,9400,41.0,62.2,155,69,5,200, 66, 150,1.0,42.0,44.612804,-107.515104,250 ,23,7920 ,3,  ,0,0
66,Rockies,Brundage,ID,5840,7640,60.6,62.1,73,43,7,299, 67, 59,12.0,16.3,45.006261,-116.154806,1500 ,46,10583 ,5,7900  ,3,0
67,Rockies,Eldora,CO,9200,10800,46.3,61.8,91,50,20,225, 68, 119,2.0,35.0,39.93883,-105.581043,680 ,53,15840 ,11,11500  ,0,0
68,Rockies,Crested Butte,CO,9375,11875,38.3,61.7,28,21,10,253, 70, 163,5.5,38.0,38.898314,-106.966241,1547 ,121,13728 ,16,20310  ,2,0
69,Rockies,Sunlight Mountain,CO,7885,9895,47.2,61.7,98,52,21,232, 69, 115,2.7,35.1,39.39989,-107.338961,470 ,67,13200 ,3,4600  ,1,0
70,Sierras,Sierra-at-Tahoe,CA,6640,8852,66.3,61.4,61,8,8,389, 71, 41,34.9,24.5,38.800955,-120.080874,2000 ,46,13200 ,14,14920  ,7,1
71,Rockies,Powderhown,CO,8200,9850,46.3,61.3,86,47,19,225, 72, 121,2.0,35.0,39.070113,-108.155876,1600 ,29,11600 ,5,4370  ,2,1
72,Rockies,Maverick Mounain ,MT,6500,8520,45.7,61.2,108,56,10,225, 73, 124,3.0,35.0,45.436526,-113.121811,255 ,24,13200 ,2,  ,0,0
73,Sierras,Boreal,CA,7200,7700,66.5,61.1,103,14,12,385, 74, 38,35.5,24.0,39.33687,-120.349756,480 ,41,5280 ,8,13200  ,4,0
74,Northwest,White Pass,WA,4500,6550,68.8,61.0,76,10,5,380, 75, 31,25.0,10.0,46.643544,-121.392113,1402 ,45,13200 ,8,6500  ,0,0
75,Canadian-Rockies,Mount Washington,BC,3558,5216,70.9,60.1,84,13,13,394, 77, 27,30.3,10.6,49.742661,-125.303173,1600 ,60,13200 ,9,12200  ,0,0
76,Sierras,Soda Springs,CA,6700,7352,66.5,60.1,116,17,15,385, 78, 40,35.5,24.0,39.321948,-120.37935,200 ,16,5280 ,2,1800  ,0,0
77,Sierras,Heavenly,CA,6540,10040,56.5,60.1,46,6,6,321, 76, 76,25.8,31.8,38.934109,-119.907618,4800 ,91,29040 ,30,52000  ,5,0
78,Sierras,Alpine Meadows,CA,6835,8637,64.4,60.0,39,4,4,363, 79, 44,34.3,25.0,39.170263,-120.239578,2400 ,100,13200 ,14,16000  ,2,0
79,Sierras,Bear Valley,CA,6600,8500,62.6,60.0,90,11,10,352, 80, 51,32.5,26.5,38.487961,-120.022637,1680 ,75,15840 ,9,12000  ,2,0
80,Sierras,Palisades Tahoe,CA,6200,9050,54.9,58.6,23,2,2,369, 82, 79,30.0,33.2,39.196892,-120.236245,3600 ,170,16896 ,30,49000  ,2,1
81,Rockies,Red River,NM,8750,10350,42.9,58.6,127,62,4,214, 81, 131,1.0,40.0,36.708356,-105.411225,290 ,57,13200 ,7,7920  ,3,0
82,Rockies,Turner Mountain,MT,3842,5952,58.0,58.5,88,48,5,300, 83, 71,12.0,20.0,48.393735,-115.549117,1000 ,25,10560 ,1,  ,0,0
83,Sierras,Dodge Ridge,CA,6600,8200,61.0,58.3,97,13,11,350, 84, 55,32.0,30.0,38.191514,-119.962038,852 ,67,10560 ,12,15700  ,3,0
84,Canadian-Rockies,Kicking Horse,BC,3900,8033,42.9,57.7,52,7,7,253, 85, 132,2.6,34.2,51.297569,-117.048252,2800 ,120,32767 ,6,3000  ,0,0
85,Sierras,June Mountain,CA,7545,10135,46.9,56.9,113,15,13,268, 86, 117,14.4,38.5,37.777499,-119.076887,500 ,35,10400 ,8,10000  ,0,0
86,Sierras,Donner Ski Ranch,CA,7031,7781,66.5,56.8,115,16,14,385, 87, 39,35.5,24.0,39.317881,-120.330466,505 ,52,7920 ,8,7800  ,0,0
87,Rockies,Cuchara,CO,9248,10180,41.8,56.4,132,63,22,200, 88, 138,1.0,40.0,37.353836,-105.112749,225 ,28,13200 ,5,  ,1,1
88,Canadian-Rockies,Panorama,BC,3875,7875,37.7,56.3,78,11,10,188, 89, 166,1.0,48.0,50.456583,-116.237432,2847 ,120,18044 ,9,8500  ,0,0
89,Rockies,Buttermilk,CO,7870,9900,41.8,55.9,56,34,17,200, 90, 139,1.0,40.0,39.205422,-106.860409,470 ,44,15840 ,8,7500  ,2,1
90,Rockies,Arizona Snowbowl,AZ,9200,11500,41.2,55.7,109,57,1,202, 91, 141,6.8,42.6,35.331249,-111.710232,777 ,40,10560 ,6,1800  ,1,0
91,Rockies,Angel Fire,NM,8600,10677,42.6,55.7,124,61,3,210, 92, 133,1.0,40.0,36.3884,-105.274046,445 ,74,16900 ,7,5770  ,2,0
92,Rockies,Sun Valley,ID,5750,9150,38.6,55.6,48,30,1,196, 93, 162,1.6,41.3,43.669248,-114.374006,2054 ,75,15840 ,19,26780  ,3,1
93,Northwest,Willamette,OR,5120,6683,66.6,55.5,104,15,6,375, 94, 36,25.0,15.0,43.601304,-122.034664,555 ,29,11088 ,6,11100  ,1,0
94,Rockies,Teton Pass,MT,6190,7200,49.7,55.0,120,59,11,255, 95, 103,5.0,30.0,47.928809,-112.805493,407 ,36,5000 ,3,3000  ,1,2
95,Canadian-Rockies,Ski Smithers,BC,3663,5413,39.5,54.7,147,20,19,200, 96, 154,1.0,42.0,54.769568,-127.268416,300 ,34,10560 ,4,  ,0,0
96,Rockies,Schweitzer,ID,4000,6400,56.6,54.4,64,37,4,284, 97, 75,10.4,19.5,48.367897,-116.623331,2900 ,92,10583 ,9,12502  ,3,0
97,Canadian-Rockies,Silver Star,BC,3780,6280,46.2,54.1,93,14,14,223, 99, 122,0.0,28.7,50.369252,-119.063225,3065 ,115,26400 ,12,14000  ,0,0
98,Canadian-Rockies,Sun Peaks,BC,4166,7060,41.2,54.1,100,15,15,207, 98, 144,0.5,40.8,50.886162,-119.886915,3678 ,122,26400 ,12,12000  ,0,0
99,Northwest,Bluewood,WA,4545,5670,53.2,54.0,110,16,7,275, 100, 88,8.0,25.0,46.168597,-117.813824,430 ,24,11880 ,3,3950  ,0,0
100,Sierras,Homewood,CA,6230,7880,61.0,53.9,87,10,9,350, 101, 56,32.0,30.0,39.086004,-120.160392,1260 ,60,10560 ,8,8500  ,2,0
101,Northwest,Snoqualmie,WA,3140,5420,71.3,53.8,58,8,4,387, 103, 25,36.5,13.4,47.409619,-121.41147,1981 ,96,7920 ,25,34490  ,2,1
102,Sierras,Northstar,CA,6330,8610,54.3,53.8,42,5,5,316, 102, 82,25.9,35.8,39.275271,-120.120653,3170 ,97,7845 ,20,32500  ,9,1
103,Northwest,Hoodoo,OR,4668,5703,66.6,53.7,114,17,7,375, 104, 37,25.0,15.0,44.4079976411521,-121.87302,800 ,32,15840 ,5,  ,0,0
104,Rockies,Tamarack,ID,4900,7700,54.3,53.5,57,35,2,275, 105, 83,8.0,25.0,44.670393,-116.124165,900 ,32,7938 ,5,  ,2,0
105,Northwest,Mt Ashland,OR,6350,7500,53.2,53.4,129,18,8,285, 106, 89,9.0,22.0,42.083333,-122.70836,200 ,23,5280 ,4,  ,2,0
106,Rockies,Kelly Canyon,ID,5600,6600,41.0,53.3,158,71,10,200, 107, 149,1.0,40.0,43.644864,-111.630882,640 ,26,6900 ,5,3400  ,1,0
107,Rockies,Red Lodge,MT,7016,9416,41.0,53.3,89,49,6,200, 109, 148,1.0,40.0,45.191292,-109.337747,1600 ,71,13200 ,7,10690  ,0,0
108,Rockies,Discovery,MT,5770,8158,42.2,53.3,107,55,9,215, 108, 135,1.0,40.0,46.332884,-113.294495,2200 ,67,7920 ,8,  ,0,0
109,Canadian-Rockies,Red Mountain,BC,3888,6800,50.8,53.0,40,4,5,274, 110, 98,5.6,20.5,49.102819,-117.822109,1686 ,88,23760 ,6,7500  ,0,0
110,Rockies,Pajarito Mountain,NM,9000,10440,32.2,52.9,150,67,5,160, 111, 190,1.0,55.0,35.895204,-106.390639,300 ,40,4800 ,6,6500  ,1,0
111,East,Jay Peak,VT,1815,3968,68.8,52.4,60,2,2,322, 113, 30,22.2,7.4,44.93757,-72.500092,385 ,76,15840 ,8,12175  ,0,0
112,Sierras,Diamond Peak,NV,6700,8540,53.4,52.4,95,12,2,300, 112, 87,25.0,35.0,39.254023,-119.915668,655 ,30,13200 ,6,7900  ,1,0
113,Rockies,Ski Apache,NM,9600,11500,36.9,52.3,151,68,6,185, 114, 173,1.0,45.0,33.400778,-105.789612,750 ,55,12145 ,11,16500  ,3,0
114,Northwest,49 Degrees North,WA,3923,5774,53.2,51.9,99,13,6,275, 115, 90,8.0,25.0,48.308318,-117.563721,2325 ,82,13200 ,6,6600  ,1,0
115,BC-Coastal,Cypress Mountain,BC,2990,5000,62.8,51.9,81,2,12,350, 116, 47,22.0,18.0,49.39611,-123.20425,1482 ,53,13200 ,8,5800  ,0,0
116,Rockies,Bogus Basin,ID,5800,7582,49.4,51.5,63,36,3,246, 118, 104,6.0,30.0,43.643544,-116.207267,2600 ,52,7920 ,8,9980  ,0,0
117,Canadian-Rockies,Mount Seymour,BC,3067,4150,62.8,51.5,135,18,18,350, 119, 48,22.0,18.0,49.364412,-122.948437,200 ,39,5249 ,5,5218  ,0,0
118,Rockies,Ski Granby,CO,8202,9202,41.8,51.5,143,65,23,200, 117, 137,1.0,40.0,40.333983,-106.015749,406 ,37,7920 ,6,6000  ,6,0
119,Canadian-Rockies,Lake Louise,AB,5400,8650,30.1,51.2,67,9,2,171, 120, 195,0.0,62.2,51.442336,-116.161341,4200 ,139,26400 ,9,15499  ,0,0
120,Rockies,Sipapu,NM,8200,9255,37.9,51.1,157,70,7,190, 121, 165,1.0,48.0,36.154752,-105.548211,200 ,41,10560 ,5,2900  ,2,0
121,Rockies,Pebble Creek,ID,6300,8560,40.0,51.1,105,54,9,225, 123, 152,5.0,35.0,42.778945,-112.159298,1100 ,54,6000 ,3,3600  ,0,0
122,BC-Coastal,Grouse Mountain,BC,2890,4100,62.8,51.1,112,3,17,350, 122, 49,22.0,18.0,49.380588,-123.079896,212 ,26,5280 ,5,  ,0,0
123,Canadian-Rockies,Marmot Basin,AB,5570,8570,28.8,50.9,118,17,3,160, 124, 198,0.0,63.0,52.801274,-118.083819,1675 ,86,18480 ,7,11931  ,0,0
124,SoCal,China Peak,CA,7030,8709,49.3,49.8,126,1,16,300, 125, 105,25.0,40.0,37.231336,-119.174176,430 ,45,11880 ,11,9242  ,3,0
125,Rockies,Great Divide,MT,5900,7250,37.3,49.6,136,64,12,180, 126, 170,1.0,45.0,46.752976,-112.309996,1600 ,140,15840 ,6,  ,5,0
126,Northwest,Mt Hood Skibowl,OR,3527,5027,62.8,49.2,101,14,5,350, 127, 50,22.0,18.0,45.302045,-121.772421,960 ,65,6336 ,9,  ,0,0
127,Rockies,White Pine,WY,8400,9500,28.6,48.9,160,72,6,150, 128, 201,0.0,60.0,42.897095,-110.074875,370 ,25,1600 ,2,  ,0,0
128,East,Stowe,VT,2235,4395,64.2,48.5,59,1,1,305, 129, 45,6.8,11.3,44.531239,-72.781337,485 ,116,19700 ,13,15516  ,1,0
129,East,Smugglers Notch,VT,1030,3640,62.4,48.4,80,3,3,322, 130, 52,8.6,11.2,44.572342,-72.77479606158863,1000 ,78,18840 ,8,  ,1,0
130,Rockies,Showdown,MT,6800,8200,36.9,46.3,144,66,13,175, 131, 174,1.0,45.0,46.91879,-110.716141,640 ,34,9240 ,4,  ,0,0
131,Rockies,Snow King,WY,6237,7808,22.1,45.3,122,60,4,150, 132, 218,0.0,60.0,43.473757,-110.758949,400 ,31,4752 ,5,2700  ,0,0
132,Eastern-Canada,Massif Du Sud,QC,1689,3001,47.8,44.7,148,6,5,236, 133, 110,2.0,27.0,46.620569,-70.491101,226 ,30,11483 ,2,  ,0,0
133,Canadian-Rockies,Harper Mountain,BC,3600,5000,26.5,44.5,176,22,21,156, 134, 210,0.0,65.0,50.723414,-120.137925,400 ,15,1200 ,3,3600  ,0,0
134,Canadian-Rockies,Nakiska,AB,5003,7415,24.6,44.3,137,19,4,99, 135, 215,0.0,80.0,50.943191,-115.152852,1021 ,71,17424 ,6,8830  ,0,0
135,SoCal,Snow Summit,CA,7000,8200,45.4,44.1,146,2,19,83, 136, 125,0.0,78.8,34.237049,-116.88975,240 ,31,6600 ,14,18550  ,2,0
136,Eastern-Canada,Mont Sutton,QC,1675,3175,54.7,43.0,133,3,3,236, 137, 81,4.6,15.3,45.103865,-72.561473,230 ,60,9383 ,9,11800  ,0,0
137,East,Sugarbush,VT,1483,4083,59.4,41.8,85,5,5,267, 138, 66,6.5,14.1,44.13757,-72.89458078756464,508 ,111,15840 ,16,25463  ,3,0
138,East,Killington,VT,1165,4241,59.8,41.7,83,4,4,240, 139, 64,5.2,19.7,43.62014,-72.802773,752 ,140,32480 ,22,38315  ,5,1
139,Eastern-Canada,Stoneham,QC,695,2075,52.5,41.6,142,5,4,165, 140, 94,1.0,60.0,47.027042,-71.385,326 ,39,10502 ,7,9850  ,0,0
140,Rockies,Montana Snowbowl,MT,5000,7600,44.1,41.5,92,51,7,250, 142, 128,5.0,30.0,46.969447,-114.015623,1200 ,32,15840 ,4,3400  ,0,0
141,Sierras,Bear Mountain,CA,7140,8805,37.6,41.5,140,18,17,83, 141, 167,0.0,78.8,34.226813,-116.860653,748 ,24,7920 ,12,16590  ,6,4
142,East,Pico Mountain,VT,2000,3967,54.8,41.3,131,10,7,250, 143, 80,6.0,20.0,43.662563,-72.842535,265 ,52,13200 ,9,  ,1,0
143,Sierras,Mt Shasta,CA,5500,6900,54.1,41.0,145,19,18,300, 144, 84,20.0,30.0,41.323329,-122.2036307,425 ,32,9240 ,5,6200  ,3,1
144,Canadian-Rockies,Kimberley,BC,4035,6500,30.0,40.8,153,21,20,150, 145, 196,0.0,55.0,49.687895,-116.011089,1800 ,68,20962 ,5,6452  ,0,0
145,Northwest,Mt Spokane,WA,4200,5889,39.5,40.7,141,20,9,200, 146, 156,1.0,40.0,47.902261,-117.126363,1425 ,45,8000 ,5,4920  ,1,0
146,Northwest,Mission Ridge,WA,4550,6820,32.6,40.3,130,19,8,170, 147, 188,1.0,50.0,47.292853,-120.399946,2000 ,36,26400 ,6,4910  ,1,0
147,Eastern-Canada,Blue Mountain,ON,740,1482,47.5,39.5,139,4,1,110, 148, 111,0.0,75.0,44.502475,-80.314183,251 ,34,4000 ,12,18950  ,0,0
148,Rockies,Sandia Peak,NM,8678,10378,25.0,39.4,170,74,8,125, 149, 213,2.0,65.0,35.190853,-106.479332,200 ,30,13200 ,6,4500  ,1,0
149,Midwest,Indianhead,MI,1297,1935,50.4,39.3,152,2,2,210, 150, 101,1.0,37.0,46.482762,-89.971143,220 ,29,5280 ,9,10131  ,2,0
150,Midwest,Terry Peak,SD,5952,7052,28.0,39.0,189,6,1,150, 151, 205,0.0,60.0,44.334961,-103.840438,450 ,30,10560 ,4,  ,1,1
151,Rockies,Mt Lemmon,AZ,8200,9157,24.3,39.0,182,76,2,125, 152, 216,3.0,65.0,32.448525,-110.766889,200 ,22,8500 ,3,2000  ,0,0
152,East,Mad River Glen,VT,1600,3637,56.2,38.8,111,6,6,269, 153, 77,6.5,13.1,44.202774,-72.91759,115 ,45,5119 ,4,3574  ,1,0
153,Northwest,Spout Springs,OR,4890,5500,38.7,38.6,192,23,9,200, 154, 160,1.0,40.0,45.757284,-118.053088,200 ,16,528 ,4,  ,0,0
154,Midwest,Big Powderhorn,MI,600,1200,50.7,38.5,164,3,3,214, 155, 99,1.0,37.0,46.510119,-90.094181,253 ,33,5280 ,10,10800  ,2,0
155,Rockies,Soldier Mountain,ID,5752,7177,24.7,37.4,165,73,11,125, 156, 214,1.0,65.0,43.416458,-114.871079,1150 ,36,6600 ,3,  ,1,0
156,Eastern-Canada,Le Massif,QC,118,2645,48.7,37.3,128,2,2,232, 157, 107,1.5,31.2,47.277657,-70.575463,406 ,53,16737 ,5,  ,0,0
157,Canadian-Rockies,Hemlock Resort,BC,3200,4500,34.2,36.5,180,23,22,180, 158, 183,1.0,50.0,49.380311,-121.936092,300 ,34,7392 ,4,4000  ,0,0
158,Midwest,Ski Mystic Deer Mountain,SD,6000,6850,28.0,36.4,193,7,2,150, 159, 204,0.0,60.0,44.308664,-103.818422,300 ,40,5280 ,2,  ,1,0
159,East,Saddleback Maine,ME,2120,4120,41.7,36.0,159,15,3,175, 160, 140,1.0,40.0,44.952165,-70.526787,220 ,66,16368 ,5,4200  ,3,0
160,Midwest,Mount Bohemia,MI,600,1500,52.7,35.9,134,1,1,252, 161, 93,10.4,29.1,47.388108,-88.020959,450 ,85,5280 ,2,  ,0,0
161,East,Sunday River,ME,800,3140,51.1,35.8,123,8,2,150, 162, 97,0.0,55.0,44.473556,-70.85904,743 ,133,15840 ,16,30000  ,5,2
162,East,Sugarloaf,ME,1417,4237,41.1,35.7,121,7,1,173, 163, 145,0.0,40.9,45.06758,-70.31526,1056 ,153,18480 ,14,21810  ,3,0
163,Northwest,Moose Mountain,AK,685,1985,10.2,34.7,178,21,4,70, 164, 220,0.0,90.0,34.236889,-116.890694,200 ,35,7920 ,14,  ,0,0
164,Eastern-Canada,Mont-Sainte-Anne,QC,575,2625,43.1,34.5,162,7,6,184, 165, 130,1.0,55.0,47.076531,-70.907951,526 ,66,19008 ,13,18560  ,0,0
165,East,Wildcat Mountain,NH,1950,4062,46.1,34.3,149,12,1,225, 166, 123,3.0,30.0,44.300264,-71.233063,225 ,49,14520 ,4,6700  ,1,0
166,East,Bretton Woods,NH,1600,3100,47.4,34.0,163,17,3,200, 167, 114,1.0,40.0,44.257526,-71.439374,434 ,101,10560 ,10,14000  ,4,0
167,Eastern-Canada,Marble Mountain,NL,33,1791,39.5,33.9,169,8,1,200, 168, 155,1.0,40.0,48.947118,-57.831138,225 ,39,15840 ,4,6500  ,0,0
168,East,Holiday Valley,NY,1500,2250,44.8,33.9,175,22,4,180, 169, 127,1.0,50.0,42.267909,-78.667316,282 ,56,4400 ,13,23850  ,1,1
169,East,Okemo,VT,1144,3344,52.9,33.0,138,11,8,167, 170, 91,1.1,55.9,43.401961,-72.716406,632 ,119,23760 ,19,33450  ,6,1
170,Eastern-Canada,Mont Tremblant,QC,755,2871,39.7,32.7,119,1,1,156, 171, 153,0.0,60.0,46.213628,-74.58446,654 ,95,19800 ,14,27230  ,0,0
171,Rockies,Marshall Mountain,MT,3900,5400,28.6,32.5,174,75,14,150, 172, 202,0.0,60.0,46.918013,-113.907305,400 ,24,13200 ,3,  ,0,0
172,Canadian-Rockies,Troll Ski Resort,BC,3300,5000,28.0,32.4,184,24,23,150, 173, 203,0.0,60.0,53.067152,-121.942197,240 ,16,0 ,4,4100  ,0,0
173,SoCal,Mountain High,CA,6600,8200,28.7,32.1,168,3,20,120, 174, 200,4.0,69.1,34.377357,-117.691537,290 ,95,8448 ,14,16000  ,1,0
174,Northwest,Loup Loup,WA,4040,5280,26.8,31.9,191,22,10,150, 175, 209,0.0,60.0,48.366514,-119.583145,300 ,10,10560 ,3,2000  ,1,0
175,East,Kissing Bridge,NY,1200,1750,44.9,31.8,183,25,5,182, 176, 126,1.0,50.0,42.593106,-78.649345,700 ,38,6000 ,10,  ,3,0
176,East,Stratton,VT,1872,3875,50.5,31.3,154,13,9,189, 177, 100,0.8,41.0,43.11422,-72.905084,600 ,94,15840 ,11,33528  ,5,1
177,East,Burke Mountain,VT,1256,3267,39.5,31.2,177,23,11,200, 178, 157,1.0,40.0,44.58819,-71.9161,260 ,50,13500 ,4,3500  ,3,0
178,Northwest,Warner Canyon,OR,5700,6480,26.8,30.9,213,24,10,150, 179, 208,0.0,60.0,42.237097,-120.295572,200 ,22,5808 ,1,  ,0,0
179,East,Hunter Mountain,NY,1600,3200,48.7,30.1,156,14,2,125, 180, 108,0.0,65.0,42.206015,-74.209067,240 ,55,10560 ,11,  ,2,0
180,East,Cannon Mountain,NH,1900,4080,38.8,29.9,161,16,2,163, 181, 159,0.5,46.5,44.102626,-71.680695,264 ,72,12144 ,10,11000  ,0,0
181,East,Mount Snow,VT,1900,3600,43.2,28.8,172,21,10,167, 182, 129,0.0,47.6,42.969126,-72.895471,590 ,80,13200 ,23,  ,1,0
182,Canadian-Rockies,Silver Summit,AB,3774,4750,21.0,28.6,205,25,5,100, 183, 219,0.0,70.0,53.893053,-116.568475,640 ,12,7920 ,3,2000  ,0,0
183,East,Snowshoe Mountain,WV,3448,4848,42.5,28.4,181,24,1,156, 184, 134,0.9,46.1,38.410945,-79.994398,235 ,60,6600 ,15,  ,5,0
184,East,Whiteface Mountain,NY,1220,4650,41.0,28.3,125,9,1,185, 185, 147,1.1,53.5,44.395033,-73.814102,283 ,86,11120 ,11,10385  ,5,0
185,East,Attitash,NH,600,2350,40.6,27.6,171,20,5,155, 186, 151,0.0,55.0,44.080957,-71.253015,307 ,73,8976 ,10,14385  ,1,0
186,SoCal,Mt. Baldy,CA,6500,8600,22.1,25.8,173,4,21,167, 187, 217,8.3,55.1,34.250459,-117.638644,400 ,26,2100 ,4,5000  ,1,0
187,East,Gore Mountain,NY,998,3600,39.3,25.3,166,18,3,150, 189, 158,0.0,60.0,43.677805,-74.008423,428 ,90,19536 ,13,8400  ,3,1
188,East,Swain Resort,NY,1970,1320,36.2,25.3,204,35,8,130, 188, 176,0.0,65.0,42.476069,-77.854768,60 ,30,5280 ,5,8400  ,3,0
189,SoCal,Snow Valley,CA,6800,7841,27.4,25.2,197,5,22,146, 190, 206,6.0,61.0,34.225323,-117.035576,240 ,35,6600 ,12,18550  ,1,0
190,Midwest,Whitecap Mountains,WI,1350,1750,38.7,24.7,212,14,2,150, 191, 161,0.0,60.0,46.413482,-90.394188,500 ,43,5292 ,7,9400  ,0,0
191,Midwest,Granite Peak,WI,1242,1924,36.2,24.5,209,11,1,75, 192, 175,3.0,55.0,44.929534,-89.683181,275 ,74,3175 ,8,9200  ,5,0
192,Midwest,Lutsen Mountains,MN,1088,1913,33.4,24.3,188,5,1,114, 193, 184,0.0,75.0,47.663046,-90.713775,1000 ,92,10560 ,10,10000  ,4,0
193,East,Waterville Valley,NH,1984,4004,41.1,24.0,186,27,6,185, 195, 146,0.0,56.0,43.966102,-71.525162,220 ,52,15840 ,12,14867  ,4,1
194,East,Loon Mountain,NH,950,3050,41.2,24.0,167,19,4,171, 194, 143,0.0,54.1,44.056891,-71.625906,370 ,61,13200 ,12,15152  ,7,1
195,Midwest,Giants Ridge,MN,1470,1970,29.0,23.8,216,15,2,85, 196, 197,0.0,85.0,47.57916,-92.304021,202 ,35,4000 ,7,7000  ,2,0
196,Midwest,Boyne Mountain,MI,620,1120,37.6,23.7,210,12,8,140, 198, 168,0.0,65.0,45.158876,-84.923891,415 ,30,5280 ,10,  ,2,1
197,Midwest,Shanty Creek,MI,675,1125,38.0,23.7,200,10,7,140, 197, 164,0.0,60.0,44.949021,-85.185288,300 ,53,5280 ,9,  ,5,1
198,Midwest,Nubs Nob,MI,911,1338,37.1,23.3,195,8,5,140, 199, 172,0.0,65.0,45.468889,-84.902411,248 ,53,4620 ,8,18275  ,5,0
199,Midwest,Boyne Highlands,MI,745,1290,37.6,23.1,179,4,4,140, 200, 169,0.0,65.0,45.467505,-84.91681,435 ,55,7920 ,8,17400  ,3,1
200,East,Dry Hill,NY,1148,2100,35.8,22.7,207,37,10,125, 201, 178,0.0,65.0,43.931683,-75.901648,220 ,7,2200 ,3,  ,0,0
201,Eastern-Canada,Mont Orford,QC,867,2800,31.1,22.6,187,9,7,140, 203, 192,0.0,65.0,45.31751,-72.223001,246 ,61,13200 ,9,  ,0,0
202,Midwest,Caberfae Peaks,MI,1060,1569,36.1,22.6,211,13,9,125, 202, 177,1.0,65.0,44.246429,-85.724455,200 ,34,3960 ,6,9207  ,2,0
203,Eastern-Canada,Ski Bromont,QC,541,1693,34.9,22.1,208,10,8,125, 204, 181,0.0,70.0,45.301056,-72.636617,400 ,129,7152 ,7,  ,0,0
204,East,Labrador Mountain,NY,1125,1825,35.8,21.8,202,33,7,125, 205, 179,0.0,65.0,42.743293,-76.029439,250 ,22,5200 ,4,  ,4,1
205,East,Greek Peak,NY,1148,2100,32.7,21.8,201,32,6,110, 206, 187,0.0,75.0,42.508046,-76.139205,257 ,38,7920 ,9,  ,0,0
206,East,Bromley Mountain,VT,1950,3284,41.2,21.8,185,26,12,145, 207, 142,1.0,51.0,43.213746,-72.933322,300 ,46,13200 ,8,9904  ,4,0
207,Midwest,Crystal Mountain Mi,MI,757,1132,37.1,21.7,196,9,6,140, 209, 171,0.0,65.0,44.51975,-85.990637,80 ,48,2640 ,8,12400  ,4,0
208,East,Shawness Peak,ME,600,1900,33.1,21.7,199,31,4,110, 208, 185,0.0,75.0,44.059312,-70.815471,239 ,44,7920 ,5,7200  ,2,0
209,East,Cranmore Mountain,NH,500,2000,35.3,20.0,203,34,10,120, 210, 180,1.0,70.0,44.05578,-71.114613,200 ,54,5280 ,10,7500  ,3,0
210,East,Seven Springs,PA,2240,2994,31.5,19.9,215,39,1,105, 211, 191,0.0,77.0,40.028436,-79.282329,285 ,31,6600 ,13,24600  ,0,0
211,East,Gunstock,NH,867,2267,34.8,19.5,190,28,7,120, 212, 182,1.0,70.0,43.550508,-71.358887,227 ,55,7920 ,8,12400  ,3,0
212,East,Windham Mountain,NY,1500,3100,32.2,18.9,206,36,9,110, 213, 189,0.0,75.0,42.301563,-74.257649,269 ,49,12500 ,10,16450  ,5,0
213,Midwest,Afton Alps,MN,1180,1530,25.2,18.6,217,16,3,55, 214, 212,0.0,93.0,44.854834,-92.790767,300 ,48,3000 ,18,  ,0,0
214,East,Berkshire East,MA,660,1840,32.7,17.4,214,38,1,110, 215, 186,0.0,75.0,42.623428,-72.878927,400 ,45,13200 ,6,6200  ,3,0
215,East,Ragged Mounain,NH,1000,2250,31.0,17.2,198,30,9,100, 216, 194,0.0,80.0,43.504799,-71.842789,220 ,47,9240 ,5,4420  ,2,0
216,Midwest,Pine Mountain,MI,1150,1650,26.5,17.1,220,18,10,75, 217, 211,0.0,93.0,45.839668,-88.088447,340 ,27,5280 ,3,3000  ,2,0
217,East,Mount Sunapee,NH,1233,2743,31.0,17.1,194,29,8,100, 218, 193,0.0,80.0,43.343282,-72.070917,233 ,66,10560 ,11,8550  ,5,0
218,East,Bousquet,MA,1125,1875,28.8,13.8,218,40,2,83, 219, 199,0.0,85.0,42.4176664,-73.2777354,200 ,23,5280 ,5,  ,0,0
219,Midwest,Devil's Head,WI,495,995,26.9,11.1,219,17,3,70, 220, 207,0.0,90.0,43.405297,-89.630783,300 ,30,3500 ,12,16500  ,1,0
